{
  "epoch": 3,
  "batch": 0,
  "global_step": 18,
  "loss": 2.0081697,
  "accuracy": 0.21680404,
  "learning_rate": 0.0001
}