{
  "epoch": 7,
  "batch": 0,
  "global_step": 42,
  "loss": 1.5153694,
  "accuracy": 0.2337542,
  "learning_rate": 0.0001
}