{
  "epoch": 10,
  "batch": 0,
  "global_step": 60,
  "loss": 1.4958568,
  "accuracy": 0.3323126,
  "learning_rate": 0.0001
}